0,6133
488.28,943
976.56,55
1464.8,61
1953.1,40
2441.4,26
2929.7,40
3418,14
3906.2,12
4394.5,30
4882.8,57
5371.1,51
5859.4,66
6347.7,29
6835.9,32
7324.2,39
7812.5,8
8300.8,29
8789.1,9
9277.3,38
9765.6,12
10254,27
10742,31
11230,44
11719,40
12207,44
12695,74
13184,29
13672,61
14160,62
14648,12
15137,41
15625,26
16113,21
16602,26
17090,59
17578,67
18066,46
18555,7
19043,7
19531,21
20020,19
20508,12
20996,19
21484,17
21973,20
22461,15
22949,29
23438,32
23926,51
24414,37
24902,54
25391,56
25879,66
26367,6
26855,41
27344,63
27832,10
28320,40
28809,12
29297,29
29785,47
30273,31
30762,73
31250,11
31738,32
32227,12
32715,30
33203,29
33691,13
34180,46
34668,18
35156,31
35645,44
36133,29
36621,10
37109,46
37598,22
38086,44
38574,25
39062,6
39551,31
40039,25
40527,25
41016,40
41504,5
41992,49
42480,52
42969,35
43457,32
43945,8
44434,55
44922,7
45410,16
45898,45
46387,19
46875,23
47363,43
47852,33
48340,34
48828,15
49316,33
49805,36
50293,38
50781,59
51270,33
51758,10
52246,46
52734,19
53223,24
53711,21
54199,76
54688,10
55176,16
55664,9
56152,12
56641,10
57129,18
57617,36
58105,21
58594,18
59082,4
59570,31
60059,26
60547,27
61035,46
61523,11
62012,57
62500,28
62988,43
63477,16
63965,38
64453,33
64941,36
65430,28
65918,15
66406,11
66895,21
67383,15
67871,36
68359,13
68848,70
69336,45
69824,10
70312,48
70801,25
71289,55
71777,19
72266,29
72754,11
73242,22
73730,41
74219,7
74707,9
75195,42
75684,15
76172,33
76660,44
77148,25
77637,6
78125,72
78613,10
79102,4
79590,56
80078,43
80566,32
81055,28
81543,14
82031,18
82520,51
83008,82
83496,30
83984,49
84473,39
84961,50
85449,49
85938,24
86426,29
86914,71
87402,33
87891,41
88379,24
88867,29
89355,34
89844,56
90332,86
90820,39
91309,86
91797,97
92285,65
92773,116
93262,167
93750,188
94238,262
94727,326
95215,406
95703,590
96191,840
96680,1259
97168,2068
97656,3620
98145,7508
98633,20050
99121,15258
99609,39191
1.001e+05,25227
1.0059e+05,41097
1.0107e+05,52500
1.0156e+05,12949
1.0205e+05,5525
1.0254e+05,2817
1.0303e+05,1664
1.0352e+05,995
1.04e+05,728
1.0449e+05,448
1.0498e+05,340
1.0547e+05,283
1.0596e+05,219
1.0645e+05,176
1.0693e+05,147
1.0742e+05,100
1.0791e+05,49
1.084e+05,56
1.0889e+05,58
1.0938e+05,26
1.0986e+05,33
1.1035e+05,37
1.1084e+05,44
1.1133e+05,3
1.1182e+05,47
1.123e+05,25
1.1279e+05,24
1.1328e+05,39
1.1377e+05,21
1.1426e+05,50
1.1475e+05,17
1.1523e+05,8
1.1572e+05,15
1.1621e+05,51
1.167e+05,29
1.1719e+05,21
1.1768e+05,39
1.1816e+05,31
1.1865e+05,48
1.1914e+05,11
1.1963e+05,20
1.2012e+05,15
1.2061e+05,35
1.2109e+05,32
1.2158e+05,26
1.2207e+05,18
1.2256e+05,20
1.2305e+05,25
1.2354e+05,36
1.2402e+05,14
1.2451e+05,28
1.25e+05,35
1.2549e+05,44
1.2598e+05,52
1.2646e+05,20
1.2695e+05,7
1.2744e+05,14
1.2793e+05,60
1.2842e+05,37
1.2891e+05,5
1.2939e+05,30
1.2988e+05,14
1.3037e+05,15
1.3086e+05,17
1.3135e+05,30
1.3184e+05,50
1.3232e+05,35
1.3281e+05,49
1.333e+05,13
1.3379e+05,59
1.3428e+05,31
1.3477e+05,28
1.3525e+05,21
1.3574e+05,38
1.3623e+05,49
1.3672e+05,47
1.3721e+05,24
1.377e+05,31
1.3818e+05,16
1.3867e+05,22
1.3916e+05,15
1.3965e+05,38
1.4014e+05,16
1.4062e+05,24
1.4111e+05,27
1.416e+05,48
1.4209e+05,28
1.4258e+05,46
1.4307e+05,10
1.4355e+05,15
1.4404e+05,34
1.4453e+05,6
1.4502e+05,29
1.4551e+05,45
1.46e+05,39
1.4648e+05,11
1.4697e+05,13
1.4746e+05,43
1.4795e+05,30
1.4844e+05,14
1.4893e+05,54
1.4941e+05,11
1.499e+05,42
1.5039e+05,21
1.5088e+05,17
1.5137e+05,29
1.5186e+05,35
1.5234e+05,30
1.5283e+05,16
1.5332e+05,34
1.5381e+05,59
1.543e+05,28
1.5479e+05,14
1.5527e+05,49
1.5576e+05,39
1.5625e+05,18
1.5674e+05,7
1.5723e+05,24
1.5771e+05,39
1.582e+05,10
1.5869e+05,15
1.5918e+05,21
1.5967e+05,41
1.6016e+05,40
1.6064e+05,29
1.6113e+05,59
1.6162e+05,51
1.6211e+05,5
1.626e+05,26
1.6309e+05,22
1.6357e+05,18
1.6406e+05,17
1.6455e+05,40
1.6504e+05,36
1.6553e+05,1
1.6602e+05,39
1.665e+05,57
1.6699e+05,21
1.6748e+05,13
1.6797e+05,5
1.6846e+05,9
1.6895e+05,26
1.6943e+05,21
1.6992e+05,16
1.7041e+05,54
1.709e+05,38
1.7139e+05,3
1.7188e+05,1
1.7236e+05,21
1.7285e+05,15
1.7334e+05,6
1.7383e+05,56
1.7432e+05,36
1.748e+05,55
1.7529e+05,12
1.7578e+05,17
1.7627e+05,14
1.7676e+05,20
1.7725e+05,18
1.7773e+05,18
1.7822e+05,49
1.7871e+05,27
1.792e+05,16
1.7969e+05,18
1.8018e+05,23
1.8066e+05,24
1.8115e+05,22
1.8164e+05,45
1.8213e+05,24
1.8262e+05,13
1.8311e+05,65
1.8359e+05,21
1.8408e+05,36
1.8457e+05,49
1.8506e+05,40
1.8555e+05,17
1.8604e+05,21
1.8652e+05,28
1.8701e+05,58
1.875e+05,23
1.8799e+05,60
1.8848e+05,45
1.8896e+05,78
1.8945e+05,55
1.8994e+05,107
1.9043e+05,55
1.9092e+05,114
1.9141e+05,102
1.9189e+05,167
1.9238e+05,152
1.9287e+05,196
1.9336e+05,203
1.9385e+05,324
1.9434e+05,360
1.9482e+05,558
1.9531e+05,695
1.958e+05,1052
1.9629e+05,1455
1.9678e+05,2189
1.9727e+05,3618
1.9775e+05,6719
1.9824e+05,14417
1.9873e+05,38778
1.9922e+05,38193
1.9971e+05,45248
2.002e+05,23559
2.0068e+05,22015
2.0117e+05,21579
2.0166e+05,17276
2.0215e+05,7686
2.0264e+05,4027
2.0312e+05,2474
2.0361e+05,1492
2.041e+05,1050
2.0459e+05,750
2.0508e+05,584
2.0557e+05,383
2.0605e+05,319
2.0654e+05,266
2.0703e+05,204
2.0752e+05,172
2.0801e+05,157
2.085e+05,124
2.0898e+05,135
2.0947e+05,60
2.0996e+05,55
2.1045e+05,66
2.1094e+05,77
2.1143e+05,26
2.1191e+05,44
2.124e+05,26
2.1289e+05,52
2.1338e+05,53
2.1387e+05,85
2.1436e+05,26
2.1484e+05,55
2.1533e+05,24
2.1582e+05,27
2.1631e+05,19
2.168e+05,26
2.1729e+05,19
2.1777e+05,26
2.1826e+05,31
2.1875e+05,9
2.1924e+05,31
2.1973e+05,22
2.2021e+05,7
2.207e+05,14
2.2119e+05,28
2.2168e+05,24
2.2217e+05,2
2.2266e+05,15
2.2314e+05,18
2.2363e+05,49
2.2412e+05,11
2.2461e+05,10
2.251e+05,4
2.2559e+05,45
2.2607e+05,29
2.2656e+05,4
2.2705e+05,15
2.2754e+05,26
2.2803e+05,7
2.2852e+05,47
2.29e+05,16
2.2949e+05,46
2.2998e+05,22
2.3047e+05,38
2.3096e+05,58
2.3145e+05,21
2.3193e+05,26
2.3242e+05,54
2.3291e+05,29
2.334e+05,20
2.3389e+05,40
2.3438e+05,16
2.3486e+05,14
2.3535e+05,14
2.3584e+05,26
2.3633e+05,3
2.3682e+05,16
2.373e+05,10
2.3779e+05,14
2.3828e+05,32
2.3877e+05,32
2.3926e+05,35
2.3975e+05,56
2.4023e+05,53
2.4072e+05,10
2.4121e+05,45
2.417e+05,8
2.4219e+05,18
2.4268e+05,19
2.4316e+05,38
2.4365e+05,40
2.4414e+05,45
2.4463e+05,17
2.4512e+05,4
2.4561e+05,13
2.4609e+05,32
2.4658e+05,21
2.4707e+05,10
2.4756e+05,27
2.4805e+05,23
2.4854e+05,26
2.4902e+05,15
2.4951e+05,10
2.5e+05,13
2.5049e+05,32
2.5098e+05,21
2.5146e+05,58
2.5195e+05,29
2.5244e+05,10
2.5293e+05,41
2.5342e+05,20
2.5391e+05,50
2.5439e+05,30
2.5488e+05,28
2.5537e+05,25
2.5586e+05,25
2.5635e+05,8
2.5684e+05,31
2.5732e+05,17
2.5781e+05,42
2.583e+05,38
2.5879e+05,47
2.5928e+05,61
2.5977e+05,13
2.6025e+05,13
2.6074e+05,55
2.6123e+05,32
2.6172e+05,30
2.6221e+05,16
2.627e+05,34
2.6318e+05,20
2.6367e+05,11
2.6416e+05,40
2.6465e+05,10
2.6514e+05,50
2.6562e+05,5
2.6611e+05,19
2.666e+05,25
2.6709e+05,25
2.6758e+05,36
2.6807e+05,35
2.6855e+05,13
2.6904e+05,15
2.6953e+05,35
2.7002e+05,35
2.7051e+05,22
2.71e+05,14
2.7148e+05,13
2.7197e+05,14
2.7246e+05,14
2.7295e+05,15
2.7344e+05,10
2.7393e+05,22
2.7441e+05,57
2.749e+05,51
2.7539e+05,18
2.7588e+05,25
2.7637e+05,19
2.7686e+05,24
2.7734e+05,32
2.7783e+05,75
2.7832e+05,70
2.7881e+05,25
2.793e+05,32
2.7979e+05,45
2.8027e+05,25
2.8076e+05,56
2.8125e+05,8
2.8174e+05,17
2.8223e+05,28
2.8271e+05,35
2.832e+05,10
2.8369e+05,19
2.8418e+05,20
2.8467e+05,68
2.8516e+05,15
2.8564e+05,34
2.8613e+05,21
2.8662e+05,45
2.8711e+05,19
2.876e+05,22
2.8809e+05,22
2.8857e+05,38
2.8906e+05,22
2.8955e+05,45
2.9004e+05,5
2.9053e+05,35
2.9102e+05,32
2.915e+05,49
2.9199e+05,35
2.9248e+05,30
2.9297e+05,17
2.9346e+05,35
2.9395e+05,23
2.9443e+05,29
2.9492e+05,18
2.9541e+05,44
2.959e+05,17
2.9639e+05,47
2.9688e+05,5
2.9736e+05,27
2.9785e+05,5
2.9834e+05,23
2.9883e+05,40
2.9932e+05,54
2.998e+05,94
3.0029e+05,90
3.0078e+05,11
3.0127e+05,31
3.0176e+05,43
3.0225e+05,44
3.0273e+05,32
3.0322e+05,58
3.0371e+05,26
3.042e+05,7
3.0469e+05,42
3.0518e+05,49
3.0566e+05,22
3.0615e+05,46
3.0664e+05,41
3.0713e+05,40
3.0762e+05,29
3.0811e+05,59
3.0859e+05,48
3.0908e+05,71
3.0957e+05,63
3.1006e+05,2
3.1055e+05,39
3.1104e+05,17
3.1152e+05,21
3.1201e+05,25
3.125e+05,23
3.1299e+05,48
3.1348e+05,38
3.1396e+05,15
3.1445e+05,45
3.1494e+05,45
3.1543e+05,47
3.1592e+05,10
3.1641e+05,17
3.1689e+05,48
3.1738e+05,15
3.1787e+05,22
3.1836e+05,24
3.1885e+05,25
3.1934e+05,18
3.1982e+05,16
3.2031e+05,57
3.208e+05,29
3.2129e+05,58
3.2178e+05,10
3.2227e+05,28
3.2275e+05,48
3.2324e+05,38
3.2373e+05,22
3.2422e+05,15
3.2471e+05,25
3.252e+05,33
3.2568e+05,11
3.2617e+05,34
3.2666e+05,43
3.2715e+05,55
3.2764e+05,60
3.2812e+05,33
3.2861e+05,19
3.291e+05,22
3.2959e+05,52
3.3008e+05,15
3.3057e+05,33
3.3105e+05,43
3.3154e+05,41
3.3203e+05,43
3.3252e+05,41
3.3301e+05,32
3.335e+05,48
3.3398e+05,18
3.3447e+05,11
3.3496e+05,23
3.3545e+05,15
3.3594e+05,18
3.3643e+05,28
3.3691e+05,39
3.374e+05,10
3.3789e+05,17
3.3838e+05,33
3.3887e+05,37
3.3936e+05,44
3.3984e+05,35
3.4033e+05,39
3.4082e+05,52
3.4131e+05,26
3.418e+05,16
3.4229e+05,10
3.4277e+05,4
3.4326e+05,22
3.4375e+05,27
3.4424e+05,34
3.4473e+05,8
3.4521e+05,40
3.457e+05,29
3.4619e+05,37
3.4668e+05,18
3.4717e+05,19
3.4766e+05,7
3.4814e+05,41
3.4863e+05,22
3.4912e+05,29
3.4961e+05,33
3.501e+05,25
3.5059e+05,50
3.5107e+05,40
3.5156e+05,11
3.5205e+05,32
3.5254e+05,30
3.5303e+05,60
3.5352e+05,2
3.54e+05,4
3.5449e+05,38
3.5498e+05,29
3.5547e+05,22
3.5596e+05,56
3.5645e+05,17
3.5693e+05,20
3.5742e+05,17
3.5791e+05,40
3.584e+05,35
3.5889e+05,5
3.5938e+05,27
3.5986e+05,39
3.6035e+05,42
3.6084e+05,26
3.6133e+05,16
3.6182e+05,41
3.623e+05,8
3.6279e+05,50
3.6328e+05,12
3.6377e+05,46
3.6426e+05,2
3.6475e+05,57
3.6523e+05,57
3.6572e+05,15
3.6621e+05,9
3.667e+05,18
3.6719e+05,33
3.6768e+05,46
3.6816e+05,33
3.6865e+05,49
3.6914e+05,26
3.6963e+05,65
3.7012e+05,20
3.7061e+05,33
3.7109e+05,7
3.7158e+05,43
3.7207e+05,15
3.7256e+05,47
3.7305e+05,12
3.7354e+05,24
3.7402e+05,35
3.7451e+05,19
3.75e+05,33
3.7549e+05,36
3.7598e+05,28
3.7646e+05,41
3.7695e+05,35
3.7744e+05,58
3.7793e+05,15
3.7842e+05,53
3.7891e+05,39
3.7939e+05,44
3.7988e+05,36
3.8037e+05,12
3.8086e+05,13
3.8135e+05,8
3.8184e+05,30
3.8232e+05,28
3.8281e+05,38
3.833e+05,26
3.8379e+05,17
3.8428e+05,44
3.8477e+05,50
3.8525e+05,27
3.8574e+05,61
3.8623e+05,43
3.8672e+05,46
3.8721e+05,38
3.877e+05,40
3.8818e+05,18
3.8867e+05,38
3.8916e+05,16
3.8965e+05,18
3.9014e+05,8
3.9062e+05,53
3.9111e+05,51
3.916e+05,42
3.9209e+05,34
3.9258e+05,25
3.9307e+05,57
3.9355e+05,22
3.9404e+05,22
3.9453e+05,41
3.9502e+05,18
3.9551e+05,10
3.96e+05,11
3.9648e+05,28
3.9697e+05,62
3.9746e+05,33
3.9795e+05,62
3.9844e+05,16
3.9893e+05,58
3.9941e+05,116
3.999e+05,42250
4.0039e+05,24926
4.0088e+05,52
4.0137e+05,28
4.0186e+05,16
4.0234e+05,54
4.0283e+05,5
4.0332e+05,1
4.0381e+05,11
4.043e+05,47
4.0479e+05,18
4.0527e+05,35
4.0576e+05,36
4.0625e+05,27
4.0674e+05,10
4.0723e+05,45
4.0771e+05,28
4.082e+05,30
4.0869e+05,35
4.0918e+05,76
4.0967e+05,6
4.1016e+05,17
4.1064e+05,39
4.1113e+05,32
4.1162e+05,24
4.1211e+05,57
4.126e+05,23
4.1309e+05,31
4.1357e+05,67
4.1406e+05,12
4.1455e+05,24
4.1504e+05,30
4.1553e+05,28
4.1602e+05,9
4.165e+05,31
4.1699e+05,16
4.1748e+05,20
4.1797e+05,41
4.1846e+05,31
4.1895e+05,9
4.1943e+05,12
4.1992e+05,16
4.2041e+05,22
4.209e+05,37
4.2139e+05,32
4.2188e+05,35
4.2236e+05,21
4.2285e+05,41
4.2334e+05,28
4.2383e+05,24
4.2432e+05,17
4.248e+05,56
4.2529e+05,33
4.2578e+05,10
4.2627e+05,5
4.2676e+05,25
4.2725e+05,55
4.2773e+05,21
4.2822e+05,32
4.2871e+05,57
4.292e+05,21
4.2969e+05,18
4.3018e+05,31
4.3066e+05,33
4.3115e+05,11
4.3164e+05,47
4.3213e+05,26
4.3262e+05,22
4.3311e+05,32
4.3359e+05,20
4.3408e+05,16
4.3457e+05,26
4.3506e+05,19
4.3555e+05,15
4.3604e+05,25
4.3652e+05,28
4.3701e+05,15
4.375e+05,54
4.3799e+05,55
4.3848e+05,38
4.3896e+05,41
4.3945e+05,25
4.3994e+05,55
4.4043e+05,47
4.4092e+05,14
4.4141e+05,33
4.4189e+05,24
4.4238e+05,23
4.4287e+05,69
4.4336e+05,19
4.4385e+05,41
4.4434e+05,51
4.4482e+05,33
4.4531e+05,10
4.458e+05,59
4.4629e+05,6
4.4678e+05,78
4.4727e+05,27
4.4775e+05,30
4.4824e+05,35
4.4873e+05,21
4.4922e+05,31
4.4971e+05,20
4.502e+05,2
4.5068e+05,69
4.5117e+05,17
4.5166e+05,22
4.5215e+05,30
4.5264e+05,24
4.5312e+05,10
4.5361e+05,19
4.541e+05,33
4.5459e+05,41
4.5508e+05,18
4.5557e+05,31
4.5605e+05,24
4.5654e+05,66
4.5703e+05,23
4.5752e+05,41
4.5801e+05,15
4.585e+05,5
4.5898e+05,15
4.5947e+05,35
4.5996e+05,17
4.6045e+05,42
4.6094e+05,26
4.6143e+05,20
4.6191e+05,10
4.624e+05,42
4.6289e+05,13
4.6338e+05,14
4.6387e+05,32
4.6436e+05,12
4.6484e+05,7
4.6533e+05,25
4.6582e+05,30
4.6631e+05,35
4.668e+05,17
4.6729e+05,19
4.6777e+05,25
4.6826e+05,34
4.6875e+05,9
4.6924e+05,14
4.6973e+05,28
4.7021e+05,34
4.707e+05,9
4.7119e+05,29
4.7168e+05,40
4.7217e+05,26
4.7266e+05,20
4.7314e+05,25
4.7363e+05,10
4.7412e+05,16
4.7461e+05,20
4.751e+05,43
4.7559e+05,29
4.7607e+05,32
4.7656e+05,20
4.7705e+05,41
4.7754e+05,21
4.7803e+05,45
4.7852e+05,27
4.79e+05,54
4.7949e+05,38
4.7998e+05,33
4.8047e+05,12
4.8096e+05,29
4.8145e+05,31
4.8193e+05,39
4.8242e+05,23
4.8291e+05,23
4.834e+05,37
4.8389e+05,24
4.8438e+05,42
4.8486e+05,43
4.8535e+05,11
4.8584e+05,46
4.8633e+05,31
4.8682e+05,34
4.873e+05,30
4.8779e+05,38
4.8828e+05,7
4.8877e+05,43
4.8926e+05,48
4.8975e+05,5
4.9023e+05,19
4.9072e+05,40
4.9121e+05,10
4.917e+05,12
4.9219e+05,11
4.9268e+05,12
4.9316e+05,20
4.9365e+05,7
4.9414e+05,13
4.9463e+05,43
4.9512e+05,40
4.9561e+05,31
4.9609e+05,22
4.9658e+05,2
4.9707e+05,26
4.9756e+05,46
4.9805e+05,11
4.9854e+05,11
4.9902e+05,18
4.9951e+05,84
5e+05,163
5.0049e+05,49
5.0098e+05,6
5.0146e+05,75
5.0195e+05,7
5.0244e+05,37
5.0293e+05,33
5.0342e+05,12
5.0391e+05,9
5.0439e+05,6
5.0488e+05,27
5.0537e+05,6
5.0586e+05,30
5.0635e+05,31
5.0684e+05,18
5.0732e+05,36
5.0781e+05,36
5.083e+05,26
5.0879e+05,41
5.0928e+05,29
5.0977e+05,38
5.1025e+05,58
5.1074e+05,64
5.1123e+05,25
5.1172e+05,20
5.1221e+05,35
5.127e+05,33
5.1318e+05,9
5.1367e+05,29
5.1416e+05,10
5.1465e+05,35
5.1514e+05,27
5.1562e+05,17
5.1611e+05,22
5.166e+05,22
5.1709e+05,32
5.1758e+05,43
5.1807e+05,14
5.1855e+05,32
5.1904e+05,28
5.1953e+05,36
5.2002e+05,18
5.2051e+05,24
5.21e+05,30
5.2148e+05,11
5.2197e+05,4
5.2246e+05,22
5.2295e+05,22
5.2344e+05,24
5.2393e+05,25
5.2441e+05,38
5.249e+05,10
5.2539e+05,46
5.2588e+05,15
5.2637e+05,18
5.2686e+05,58
5.2734e+05,41
5.2783e+05,25
5.2832e+05,31
5.2881e+05,45
5.293e+05,52
5.2979e+05,46
5.3027e+05,33
5.3076e+05,55
5.3125e+05,31
5.3174e+05,25
5.3223e+05,33
5.3271e+05,63
5.332e+05,8
5.3369e+05,34
5.3418e+05,39
5.3467e+05,26
5.3516e+05,14
5.3564e+05,20
5.3613e+05,31
5.3662e+05,19
5.3711e+05,11
5.376e+05,10
5.3809e+05,11
5.3857e+05,81
5.3906e+05,18
5.3955e+05,14
5.4004e+05,25
5.4053e+05,27
5.4102e+05,43
5.415e+05,17
5.4199e+05,10
5.4248e+05,20
5.4297e+05,10
5.4346e+05,22
5.4395e+05,30
5.4443e+05,11
5.4492e+05,28
5.4541e+05,26
5.459e+05,27
5.4639e+05,20
5.4688e+05,28
5.4736e+05,9
5.4785e+05,23
5.4834e+05,15
5.4883e+05,12
5.4932e+05,21
5.498e+05,38
5.5029e+05,19
5.5078e+05,39
5.5127e+05,3
5.5176e+05,31
5.5225e+05,25
5.5273e+05,1
5.5322e+05,19
5.5371e+05,25
5.542e+05,48
5.5469e+05,18
5.5518e+05,24
5.5566e+05,7
5.5615e+05,15
5.5664e+05,45
5.5713e+05,24
5.5762e+05,29
5.5811e+05,33
5.5859e+05,26
5.5908e+05,21
5.5957e+05,22
5.6006e+05,6
5.6055e+05,24
5.6104e+05,40
5.6152e+05,10
5.6201e+05,28
5.625e+05,26
5.6299e+05,30
5.6348e+05,37
5.6396e+05,39
5.6445e+05,36
5.6494e+05,35
5.6543e+05,23
5.6592e+05,19
5.6641e+05,52
5.6689e+05,18
5.6738e+05,24
5.6787e+05,33
5.6836e+05,5
5.6885e+05,53
5.6934e+05,55
5.6982e+05,11
5.7031e+05,22
5.708e+05,28
5.7129e+05,61
5.7178e+05,39
5.7227e+05,33
5.7275e+05,6
5.7324e+05,67
5.7373e+05,16
5.7422e+05,13
5.7471e+05,49
5.752e+05,18
5.7568e+05,47
5.7617e+05,37
5.7666e+05,19
5.7715e+05,34
5.7764e+05,28
5.7812e+05,14
5.7861e+05,14
5.791e+05,23
5.7959e+05,8
5.8008e+05,21
5.8057e+05,12
5.8105e+05,19
5.8154e+05,10
5.8203e+05,30
5.8252e+05,6
5.8301e+05,31
5.835e+05,39
5.8398e+05,29
5.8447e+05,5
5.8496e+05,44
5.8545e+05,10
5.8594e+05,18
5.8643e+05,27
5.8691e+05,49
5.874e+05,32
5.8789e+05,27
5.8838e+05,28
5.8887e+05,14
5.8936e+05,8
5.8984e+05,10
5.9033e+05,32
5.9082e+05,33
5.9131e+05,27
5.918e+05,14
5.9229e+05,57
5.9277e+05,36
5.9326e+05,56
5.9375e+05,15
5.9424e+05,57
5.9473e+05,19
5.9521e+05,4
5.957e+05,20
5.9619e+05,31
5.9668e+05,4
5.9717e+05,35
5.9766e+05,18
5.9814e+05,43
5.9863e+05,63
5.9912e+05,43
5.9961e+05,119
6.001e+05,252
6.0059e+05,104
6.0107e+05,45
6.0156e+05,16
6.0205e+05,51
6.0254e+05,27
6.0303e+05,21
6.0352e+05,11
6.04e+05,7
6.0449e+05,24
6.0498e+05,24
6.0547e+05,13
6.0596e+05,31
6.0645e+05,24
6.0693e+05,14
6.0742e+05,8
6.0791e+05,33
6.084e+05,10
6.0889e+05,7
6.0938e+05,18
6.0986e+05,16
6.1035e+05,32
6.1084e+05,27
6.1133e+05,29
6.1182e+05,11
6.123e+05,42
6.1279e+05,32
6.1328e+05,23
6.1377e+05,22
6.1426e+05,51
6.1475e+05,53
6.1523e+05,7
6.1572e+05,5
6.1621e+05,34
6.167e+05,30
6.1719e+05,22
6.1768e+05,78
6.1816e+05,50
6.1865e+05,27
6.1914e+05,7
6.1963e+05,35
6.2012e+05,10
6.2061e+05,53
6.2109e+05,2
6.2158e+05,67
6.2207e+05,25
6.2256e+05,54
6.2305e+05,27
6.2354e+05,33
6.2402e+05,24
6.2451e+05,45
6.25e+05,48
6.2549e+05,49
6.2598e+05,8
6.2646e+05,22
6.2695e+05,45
6.2744e+05,40
6.2793e+05,36
6.2842e+05,5
6.2891e+05,21
6.2939e+05,15
6.2988e+05,67
6.3037e+05,17
6.3086e+05,7
6.3135e+05,24
6.3184e+05,28
6.3232e+05,30
6.3281e+05,30
6.333e+05,21
6.3379e+05,44
6.3428e+05,14
6.3477e+05,17
6.3525e+05,14
6.3574e+05,57
6.3623e+05,4
6.3672e+05,18
6.3721e+05,21
6.377e+05,33
6.3818e+05,69
6.3867e+05,36
6.3916e+05,38
6.3965e+05,52
6.4014e+05,33
6.4062e+05,14
6.4111e+05,17
6.416e+05,21
6.4209e+05,46
6.4258e+05,20
6.4307e+05,29
6.4355e+05,19
6.4404e+05,46
6.4453e+05,13
6.4502e+05,19
6.4551e+05,40
6.46e+05,28
6.4648e+05,24
6.4697e+05,36
6.4746e+05,14
6.4795e+05,29
6.4844e+05,45
6.4893e+05,28
6.4941e+05,25
6.499e+05,5
6.5039e+05,42
6.5088e+05,38
6.5137e+05,14
6.5186e+05,44
6.5234e+05,43
6.5283e+05,55
6.5332e+05,36
6.5381e+05,31
6.543e+05,1
6.5479e+05,27
6.5527e+05,1
6.5576e+05,26
6.5625e+05,25
6.5674e+05,25
6.5723e+05,35
6.5771e+05,29
6.582e+05,21
6.5869e+05,42
6.5918e+05,29
6.5967e+05,37
6.6016e+05,30
6.6064e+05,43
6.6113e+05,28
6.6162e+05,33
6.6211e+05,9
6.626e+05,65
6.6309e+05,59
6.6357e+05,32
6.6406e+05,16
6.6455e+05,17
6.6504e+05,64
6.6553e+05,51
6.6602e+05,17
6.665e+05,18
6.6699e+05,73
6.6748e+05,28
6.6797e+05,25
6.6846e+05,18
6.6895e+05,26
6.6943e+05,55
6.6992e+05,18
6.7041e+05,24
6.709e+05,44
6.7139e+05,22
6.7188e+05,31
6.7236e+05,34
6.7285e+05,29
6.7334e+05,39
6.7383e+05,18
6.7432e+05,12
6.748e+05,24
6.7529e+05,43
6.7578e+05,35
6.7627e+05,32
6.7676e+05,36
6.7725e+05,10
6.7773e+05,28
6.7822e+05,48
6.7871e+05,42
6.792e+05,14
6.7969e+05,32
6.8018e+05,27
6.8066e+05,35
6.8115e+05,12
6.8164e+05,31
6.8213e+05,22
6.8262e+05,17
6.8311e+05,21
6.8359e+05,41
6.8408e+05,35
6.8457e+05,31
6.8506e+05,27
6.8555e+05,20
6.8604e+05,40
6.8652e+05,55
6.8701e+05,33
6.875e+05,40
6.8799e+05,30
6.8848e+05,46
6.8896e+05,36
6.8945e+05,44
6.8994e+05,14
6.9043e+05,21
6.9092e+05,23
6.9141e+05,25
6.9189e+05,13
6.9238e+05,35
6.9287e+05,41
6.9336e+05,38
6.9385e+05,34
6.9434e+05,47
6.9482e+05,3
6.9531e+05,9
6.958e+05,16
6.9629e+05,25
6.9678e+05,55
6.9727e+05,22
6.9775e+05,27
6.9824e+05,53
6.9873e+05,31
6.9922e+05,4
6.9971e+05,39191
7.002e+05,26009
7.0068e+05,10
7.0117e+05,23
7.0166e+05,25
7.0215e+05,14
7.0264e+05,50
7.0312e+05,22
7.0361e+05,50
7.041e+05,51
7.0459e+05,23
7.0508e+05,17
7.0557e+05,32
7.0605e+05,43
7.0654e+05,22
7.0703e+05,9
7.0752e+05,39
7.0801e+05,17
7.085e+05,8
7.0898e+05,24
7.0947e+05,37
7.0996e+05,38
7.1045e+05,20
7.1094e+05,29
7.1143e+05,19
7.1191e+05,43
7.124e+05,8
7.1289e+05,36
7.1338e+05,34
7.1387e+05,39
7.1436e+05,30
7.1484e+05,66
7.1533e+05,25
7.1582e+05,13
7.1631e+05,15
7.168e+05,44
7.1729e+05,13
7.1777e+05,6
7.1826e+05,35
7.1875e+05,28
7.1924e+05,31
7.1973e+05,41
7.2021e+05,60
7.207e+05,27
7.2119e+05,34
7.2168e+05,25
7.2217e+05,37
7.2266e+05,62
7.2314e+05,31
7.2363e+05,67
7.2412e+05,56
7.2461e+05,20
7.251e+05,54
7.2559e+05,10
7.2607e+05,28
7.2656e+05,27
7.2705e+05,35
7.2754e+05,20
7.2803e+05,43
7.2852e+05,25
7.29e+05,32
7.2949e+05,40
7.2998e+05,10
7.3047e+05,23
7.3096e+05,11
7.3145e+05,37
7.3193e+05,33
7.3242e+05,10
7.3291e+05,4
7.334e+05,59
7.3389e+05,24
7.3438e+05,25
7.3486e+05,8
7.3535e+05,25
7.3584e+05,14
7.3633e+05,24
7.3682e+05,16
7.373e+05,42
7.3779e+05,19
7.3828e+05,47
7.3877e+05,27
7.3926e+05,23
7.3975e+05,34
7.4023e+05,23
7.4072e+05,33
7.4121e+05,4
7.417e+05,13
7.4219e+05,6
7.4268e+05,21
7.4316e+05,31
7.4365e+05,34
7.4414e+05,16
7.4463e+05,27
7.4512e+05,22
7.4561e+05,37
7.4609e+05,10
7.4658e+05,15
7.4707e+05,34
7.4756e+05,36
7.4805e+05,4
7.4854e+05,34
7.4902e+05,20
7.4951e+05,30
7.5e+05,26
7.5049e+05,48
7.5098e+05,27
7.5146e+05,30
7.5195e+05,12
7.5244e+05,43
7.5293e+05,42
7.5342e+05,51
7.5391e+05,9
7.5439e+05,17
7.5488e+05,54
7.5537e+05,22
7.5586e+05,19
7.5635e+05,20
7.5684e+05,53
7.5732e+05,51
7.5781e+05,18
7.583e+05,25
7.5879e+05,13
7.5928e+05,28
7.5977e+05,30
7.6025e+05,25
7.6074e+05,70
7.6123e+05,12
7.6172e+05,22
7.6221e+05,35
7.627e+05,38
7.6318e+05,23
7.6367e+05,41
7.6416e+05,20
7.6465e+05,30
7.6514e+05,19
7.6562e+05,24
7.6611e+05,37
7.666e+05,18
7.6709e+05,10
7.6758e+05,26
7.6807e+05,50
7.6855e+05,19
7.6904e+05,15
7.6953e+05,33
7.7002e+05,45
7.7051e+05,64
7.71e+05,37
7.7148e+05,13
7.7197e+05,26
7.7246e+05,71
7.7295e+05,35
7.7344e+05,46
7.7393e+05,5
7.7441e+05,2
7.749e+05,17
7.7539e+05,24
7.7588e+05,35
7.7637e+05,65
7.7686e+05,23
7.7734e+05,31
7.7783e+05,54
7.7832e+05,32
7.7881e+05,14
7.793e+05,15
7.7979e+05,39
7.8027e+05,41
7.8076e+05,59
7.8125e+05,15
7.8174e+05,29
7.8223e+05,47
7.8271e+05,5
7.832e+05,28
7.8369e+05,48
7.8418e+05,23
7.8467e+05,39
7.8516e+05,34
7.8564e+05,24
7.8613e+05,33
7.8662e+05,26
7.8711e+05,5
7.876e+05,35
7.8809e+05,43
7.8857e+05,58
7.8906e+05,33
7.8955e+05,31
7.9004e+05,26
7.9053e+05,63
7.9102e+05,18
7.915e+05,51
7.9199e+05,10
7.9248e+05,48
7.9297e+05,32
7.9346e+05,44
7.9395e+05,31
7.9443e+05,18
7.9492e+05,32
7.9541e+05,9
7.959e+05,20
7.9639e+05,39
7.9688e+05,26
7.9736e+05,13
7.9785e+05,36
7.9834e+05,41
7.9883e+05,32
7.9932e+05,98
7.998e+05,37495
8.0029e+05,37405
8.0078e+05,75
8.0127e+05,42
8.0176e+05,28
8.0225e+05,23
8.0273e+05,47
8.0322e+05,19
8.0371e+05,34
8.042e+05,14
8.0469e+05,16
8.0518e+05,20
8.0566e+05,6
8.0615e+05,27
8.0664e+05,14
8.0713e+05,38
8.0762e+05,23
8.0811e+05,21
8.0859e+05,18
8.0908e+05,23
8.0957e+05,14
8.1006e+05,58
8.1055e+05,15
8.1104e+05,19
8.1152e+05,18
8.1201e+05,39
8.125e+05,9
8.1299e+05,30
8.1348e+05,20
8.1396e+05,45
8.1445e+05,42
8.1494e+05,24
8.1543e+05,23
8.1592e+05,29
8.1641e+05,45
8.1689e+05,23
8.1738e+05,60
8.1787e+05,7
8.1836e+05,36
8.1885e+05,21
8.1934e+05,15
8.1982e+05,36
8.2031e+05,6
8.208e+05,18
8.2129e+05,6
8.2178e+05,46
8.2227e+05,17
8.2275e+05,29
8.2324e+05,10
8.2373e+05,34
8.2422e+05,35
8.2471e+05,37
8.252e+05,7
8.2568e+05,83
8.2617e+05,44
8.2666e+05,27
8.2715e+05,12
8.2764e+05,53
8.2812e+05,27
8.2861e+05,13
8.291e+05,41
8.2959e+05,25
8.3008e+05,20
8.3057e+05,6
8.3105e+05,20
8.3154e+05,57
8.3203e+05,27
8.3252e+05,17
8.3301e+05,29
8.335e+05,57
8.3398e+05,28
8.3447e+05,27
8.3496e+05,13
8.3545e+05,31
8.3594e+05,19
8.3643e+05,13
8.3691e+05,48
8.374e+05,25
8.3789e+05,23
8.3838e+05,12
8.3887e+05,45
8.3936e+05,58
8.3984e+05,11
8.4033e+05,49
8.4082e+05,46
8.4131e+05,46
8.418e+05,19
8.4229e+05,39
8.4277e+05,13
8.4326e+05,47
8.4375e+05,25
8.4424e+05,13
8.4473e+05,30
8.4521e+05,37
8.457e+05,28
8.4619e+05,11
8.4668e+05,9
8.4717e+05,28
8.4766e+05,35
8.4814e+05,23
8.4863e+05,39
8.4912e+05,42
8.4961e+05,16
8.501e+05,48
8.5059e+05,47
8.5107e+05,30
8.5156e+05,30
8.5205e+05,27
8.5254e+05,39
8.5303e+05,7
8.5352e+05,30
8.54e+05,53
8.5449e+05,10
8.5498e+05,31
8.5547e+05,17
8.5596e+05,5
8.5645e+05,44
8.5693e+05,34
8.5742e+05,59
8.5791e+05,7
8.584e+05,72
8.5889e+05,23
8.5938e+05,30
8.5986e+05,46
8.6035e+05,83
8.6084e+05,28
8.6133e+05,51
8.6182e+05,29
8.623e+05,58
8.6279e+05,32
8.6328e+05,18
8.6377e+05,26
8.6426e+05,15
8.6475e+05,14
8.6523e+05,34
8.6572e+05,46
8.6621e+05,16
8.667e+05,31
8.6719e+05,32
8.6768e+05,49
8.6816e+05,18
8.6865e+05,2
8.6914e+05,29
8.6963e+05,32
8.7012e+05,41
8.7061e+05,10
8.7109e+05,38
8.7158e+05,6
8.7207e+05,29
8.7256e+05,31
8.7305e+05,32
8.7354e+05,24
8.7402e+05,25
8.7451e+05,37
8.75e+05,47
8.7549e+05,35
8.7598e+05,27
8.7646e+05,33
8.7695e+05,13
8.7744e+05,23
8.7793e+05,29
8.7842e+05,11
8.7891e+05,25
8.7939e+05,32
8.7988e+05,26
8.8037e+05,36
8.8086e+05,27
8.8135e+05,21
8.8184e+05,41
8.8232e+05,48
8.8281e+05,11
8.833e+05,29
8.8379e+05,49
8.8428e+05,13
8.8477e+05,21
8.8525e+05,38
8.8574e+05,8
8.8623e+05,15
8.8672e+05,24
8.8721e+05,19
8.877e+05,6
8.8818e+05,31
8.8867e+05,31
8.8916e+05,29
8.8965e+05,60
8.9014e+05,8
8.9062e+05,32
8.9111e+05,40
8.916e+05,35
8.9209e+05,50
8.9258e+05,44
8.9307e+05,77
8.9355e+05,46
8.9404e+05,10
8.9453e+05,25
8.9502e+05,38
8.9551e+05,7
8.96e+05,57
8.9648e+05,30
8.9697e+05,87
8.9746e+05,69
8.9795e+05,21
8.9844e+05,20
8.9893e+05,25
8.9941e+05,90
8.999e+05,16686
9.0039e+05,44596
9.0088e+05,10
9.0137e+05,63
9.0186e+05,45
9.0234e+05,62
9.0283e+05,31
9.0332e+05,44
9.0381e+05,55
9.043e+05,26
9.0479e+05,32
9.0527e+05,60
9.0576e+05,25
9.0625e+05,22
9.0674e+05,10
9.0723e+05,28
9.0771e+05,12
9.082e+05,7
9.0869e+05,19
9.0918e+05,38
9.0967e+05,45
9.1016e+05,27
9.1064e+05,27
9.1113e+05,20
9.1162e+05,27
9.1211e+05,18
9.126e+05,25
9.1309e+05,15
9.1357e+05,21
9.1406e+05,18
9.1455e+05,40
9.1504e+05,24
9.1553e+05,40
9.1602e+05,40
9.165e+05,49
9.1699e+05,46
9.1748e+05,36
9.1797e+05,39
9.1846e+05,16
9.1895e+05,25
9.1943e+05,25
9.1992e+05,31
9.2041e+05,23
9.209e+05,15
9.2139e+05,63
9.2188e+05,18
9.2236e+05,41
9.2285e+05,6
9.2334e+05,68
9.2383e+05,29
9.2432e+05,29
9.248e+05,32
9.2529e+05,33
9.2578e+05,40
9.2627e+05,16
9.2676e+05,40
9.2725e+05,27
9.2773e+05,18
9.2822e+05,9
9.2871e+05,30
9.292e+05,33
9.2969e+05,19
9.3018e+05,32
9.3066e+05,11
9.3115e+05,23
9.3164e+05,36
9.3213e+05,27
9.3262e+05,20
9.3311e+05,28
9.3359e+05,17
9.3408e+05,22
9.3457e+05,47
9.3506e+05,58
9.3555e+05,17
9.3604e+05,34
9.3652e+05,35
9.3701e+05,18
9.375e+05,25
9.3799e+05,21
9.3848e+05,23
9.3896e+05,23
9.3945e+05,5
9.3994e+05,22
9.4043e+05,71
9.4092e+05,35
9.4141e+05,17
9.4189e+05,36
9.4238e+05,39
9.4287e+05,28
9.4336e+05,17
9.4385e+05,15
9.4434e+05,40
9.4482e+05,51
9.4531e+05,26
9.458e+05,20
9.4629e+05,19
9.4678e+05,16
9.4727e+05,12
9.4775e+05,47
9.4824e+05,35
9.4873e+05,13
9.4922e+05,15
9.4971e+05,10
9.502e+05,16
9.5068e+05,31
9.5117e+05,16
9.5166e+05,20
9.5215e+05,22
9.5264e+05,25
9.5312e+05,39
9.5361e+05,29
9.541e+05,6
9.5459e+05,17
9.5508e+05,21
9.5557e+05,50
9.5605e+05,43
9.5654e+05,48
9.5703e+05,48
9.5752e+05,59
9.5801e+05,11
9.585e+05,25
9.5898e+05,14
9.5947e+05,7
9.5996e+05,4
9.6045e+05,15
9.6094e+05,32
9.6143e+05,45
9.6191e+05,8
9.624e+05,39
9.6289e+05,40
9.6338e+05,35
9.6387e+05,15
9.6436e+05,13
9.6484e+05,60
9.6533e+05,11
9.6582e+05,37
9.6631e+05,24
9.668e+05,13
9.6729e+05,13
9.6777e+05,53
9.6826e+05,6
9.6875e+05,27
9.6924e+05,10
9.6973e+05,17
9.7021e+05,24
9.707e+05,11
9.7119e+05,34
9.7168e+05,15
9.7217e+05,9
9.7266e+05,28
9.7314e+05,37
9.7363e+05,27
9.7412e+05,19
9.7461e+05,7
9.751e+05,25
9.7559e+05,26
9.7607e+05,41
9.7656e+05,7
9.7705e+05,54
9.7754e+05,17
9.7803e+05,17
9.7852e+05,43
9.79e+05,6
9.7949e+05,22
9.7998e+05,9
9.8047e+05,4
9.8096e+05,45
9.8145e+05,16
9.8193e+05,52
9.8242e+05,15
9.8291e+05,46
9.834e+05,28
9.8389e+05,37
9.8438e+05,27
9.8486e+05,27
9.8535e+05,30
9.8584e+05,36
9.8633e+05,27
9.8682e+05,23
9.873e+05,12
9.8779e+05,59
9.8828e+05,29
9.8877e+05,8
9.8926e+05,12
9.8975e+05,8
9.9023e+05,53
9.9072e+05,21
9.9121e+05,15
9.917e+05,57
9.9219e+05,7
9.9268e+05,20
9.9316e+05,48
9.9365e+05,15
9.9414e+05,38
9.9463e+05,16
9.9512e+05,14
9.9561e+05,46
9.9609e+05,10
9.9658e+05,4
9.9707e+05,23
9.9756e+05,35
9.9805e+05,7
9.9854e+05,40
9.9902e+05,15
9.9951e+05,216
1e+06,464
1.0005e+06,225
1.001e+06,67
1.0015e+06,69
1.002e+06,22
1.0024e+06,50
1.0029e+06,24
1.0034e+06,6
1.0039e+06,15
1.0044e+06,28
1.0049e+06,25
1.0054e+06,45
1.0059e+06,31
1.0063e+06,16
1.0068e+06,34
1.0073e+06,12
1.0078e+06,49
1.0083e+06,20
1.0088e+06,39
1.0093e+06,35
1.0098e+06,35
1.0103e+06,21
1.0107e+06,40
1.0112e+06,16
1.0117e+06,32
1.0122e+06,17
1.0127e+06,45
1.0132e+06,34
1.0137e+06,22
1.0142e+06,55
1.0146e+06,18
1.0151e+06,17
1.0156e+06,17
1.0161e+06,24
1.0166e+06,20
1.0171e+06,15
1.0176e+06,31
1.0181e+06,25
1.0186e+06,33
1.019e+06,42
1.0195e+06,17
1.02e+06,14
1.0205e+06,36
1.021e+06,25
1.0215e+06,40
1.022e+06,20
1.0225e+06,40
1.0229e+06,44
1.0234e+06,14
1.0239e+06,25
1.0244e+06,15
1.0249e+06,42
1.0254e+06,49
1.0259e+06,31
1.0264e+06,36
1.0269e+06,45
1.0273e+06,28
1.0278e+06,10
1.0283e+06,28
1.0288e+06,40
1.0293e+06,42
1.0298e+06,26
1.0303e+06,81
1.0308e+06,34
1.0312e+06,17
1.0317e+06,53
1.0322e+06,15
1.0327e+06,12
1.0332e+06,43
1.0337e+06,25
1.0342e+06,35
1.0347e+06,10
1.0352e+06,35
1.0356e+06,9
1.0361e+06,11
1.0366e+06,32
1.0371e+06,19
1.0376e+06,32
1.0381e+06,7
1.0386e+06,32
1.0391e+06,24
1.0396e+06,51
1.04e+06,22
1.0405e+06,92
1.041e+06,17
1.0415e+06,12
1.042e+06,31
1.0425e+06,52
1.043e+06,23
1.0435e+06,70
1.0439e+06,26
1.0444e+06,19
1.0449e+06,32
1.0454e+06,6
1.0459e+06,40
1.0464e+06,20
1.0469e+06,31
1.0474e+06,30
1.0479e+06,32
1.0483e+06,19
1.0488e+06,9
1.0493e+06,32
1.0498e+06,9
1.0503e+06,16
1.0508e+06,19
1.0513e+06,23
1.0518e+06,23
1.0522e+06,28
1.0527e+06,18
1.0532e+06,47
1.0537e+06,11
1.0542e+06,37
1.0547e+06,34
1.0552e+06,26
1.0557e+06,14
1.0562e+06,52
1.0566e+06,10
1.0571e+06,16
1.0576e+06,25
1.0581e+06,59
1.0586e+06,10
1.0591e+06,23
1.0596e+06,19
1.0601e+06,30
1.0605e+06,30
1.061e+06,47
1.0615e+06,9
1.062e+06,35
1.0625e+06,20
1.063e+06,34
1.0635e+06,19
1.064e+06,16
1.0645e+06,26
1.0649e+06,15
1.0654e+06,15
1.0659e+06,44
1.0664e+06,30
1.0669e+06,2
1.0674e+06,39
1.0679e+06,6
1.0684e+06,14
1.0688e+06,25
1.0693e+06,42
1.0698e+06,27
1.0703e+06,8
1.0708e+06,53
1.0713e+06,32
1.0718e+06,41
1.0723e+06,5
1.0728e+06,8
1.0732e+06,10
1.0737e+06,30
1.0742e+06,30
1.0747e+06,40
1.0752e+06,51
1.0757e+06,9
1.0762e+06,26
1.0767e+06,25
1.0771e+06,33
1.0776e+06,43
1.0781e+06,7
1.0786e+06,55
1.0791e+06,17
1.0796e+06,17
1.0801e+06,8
1.0806e+06,5
1.0811e+06,5
1.0815e+06,18
1.082e+06,37
1.0825e+06,27
1.083e+06,17
1.0835e+06,20
1.084e+06,5
1.0845e+06,5
1.085e+06,66
1.0854e+06,15
1.0859e+06,11
1.0864e+06,82
1.0869e+06,32
1.0874e+06,27
1.0879e+06,17
1.0884e+06,11
1.0889e+06,47
1.0894e+06,37
1.0898e+06,26
1.0903e+06,21
1.0908e+06,48
1.0913e+06,36
1.0918e+06,18
1.0923e+06,16
1.0928e+06,24
1.0933e+06,35
1.0938e+06,5
1.0942e+06,26
1.0947e+06,42
1.0952e+06,13
1.0957e+06,25
1.0962e+06,24
1.0967e+06,38
1.0972e+06,48
1.0977e+06,17
1.0981e+06,23
1.0986e+06,28
1.0991e+06,41
1.0996e+06,51
1.1001e+06,62
1.1006e+06,57
1.1011e+06,24
1.1016e+06,48
1.1021e+06,90
1.1025e+06,9
1.103e+06,41
1.1035e+06,6
1.104e+06,21
1.1045e+06,52
1.105e+06,28
1.1055e+06,14
1.106e+06,30
1.1064e+06,19
1.1069e+06,13
1.1074e+06,44
1.1079e+06,27
1.1084e+06,17
1.1089e+06,10
1.1094e+06,49
1.1099e+06,51
1.1104e+06,10
1.1108e+06,31
1.1113e+06,28
1.1118e+06,23
1.1123e+06,22
1.1128e+06,37
1.1133e+06,15
1.1138e+06,9
1.1143e+06,28
1.1147e+06,13
1.1152e+06,14
1.1157e+06,40
1.1162e+06,22
1.1167e+06,12
1.1172e+06,18
1.1177e+06,20
1.1182e+06,25
1.1187e+06,31
1.1191e+06,14
1.1196e+06,89
1.1201e+06,28
1.1206e+06,55
1.1211e+06,6
1.1216e+06,14
1.1221e+06,27
1.1226e+06,43
1.123e+06,13
1.1235e+06,10
1.124e+06,15
1.1245e+06,8
1.125e+06,30
1.1255e+06,42
1.126e+06,1
1.1265e+06,49
1.127e+06,19
1.1274e+06,11
1.1279e+06,17
1.1284e+06,48
1.1289e+06,24
1.1294e+06,75
1.1299e+06,12
1.1304e+06,19
1.1309e+06,16
1.1313e+06,20
1.1318e+06,43
1.1323e+06,35
1.1328e+06,14
1.1333e+06,3
1.1338e+06,53
1.1343e+06,30
1.1348e+06,40
1.1353e+06,12
1.1357e+06,17
1.1362e+06,17
1.1367e+06,44
1.1372e+06,51
1.1377e+06,13
1.1382e+06,53
1.1387e+06,23
1.1392e+06,27
1.1396e+06,11
1.1401e+06,22
1.1406e+06,15
1.1411e+06,29
1.1416e+06,11
1.1421e+06,38
1.1426e+06,10
1.1431e+06,7
1.1436e+06,51
1.144e+06,68
1.1445e+06,36
1.145e+06,42
1.1455e+06,17
1.146e+06,25
1.1465e+06,28
1.147e+06,10
1.1475e+06,3
1.1479e+06,8
1.1484e+06,14
1.1489e+06,24
1.1494e+06,25
1.1499e+06,19
1.1504e+06,9
1.1509e+06,27
1.1514e+06,38
1.1519e+06,39
1.1523e+06,10
1.1528e+06,19
1.1533e+06,29
1.1538e+06,38
1.1543e+06,26
1.1548e+06,10
1.1553e+06,29
1.1558e+06,42
1.1562e+06,13
1.1567e+06,26
1.1572e+06,26
1.1577e+06,7
1.1582e+06,20
1.1587e+06,54
1.1592e+06,25
1.1597e+06,27
1.1602e+06,10
1.1606e+06,69
1.1611e+06,44
1.1616e+06,47
1.1621e+06,21
1.1626e+06,19
1.1631e+06,33
1.1636e+06,23
1.1641e+06,34
1.1646e+06,53
1.165e+06,46
1.1655e+06,35
1.166e+06,7
1.1665e+06,14
1.167e+06,31
1.1675e+06,22
1.168e+06,21
1.1685e+06,36
1.1689e+06,23
1.1694e+06,12
1.1699e+06,30
1.1704e+06,12
1.1709e+06,16
1.1714e+06,9
1.1719e+06,30
1.1724e+06,40
1.1729e+06,8
1.1733e+06,29
1.1738e+06,13
1.1743e+06,34
1.1748e+06,45
1.1753e+06,30
1.1758e+06,15
1.1763e+06,37
1.1768e+06,42
1.1772e+06,29
1.1777e+06,43
1.1782e+06,43
1.1787e+06,19
1.1792e+06,11
1.1797e+06,14
1.1802e+06,32
1.1807e+06,17
1.1812e+06,21
1.1816e+06,15
1.1821e+06,11
1.1826e+06,33
1.1831e+06,20
1.1836e+06,46
1.1841e+06,61
1.1846e+06,36
1.1851e+06,25
1.1855e+06,13
1.186e+06,12
1.1865e+06,49
1.187e+06,17
1.1875e+06,26
1.188e+06,46
1.1885e+06,34
1.189e+06,4
1.1895e+06,24
1.1899e+06,53
1.1904e+06,11
1.1909e+06,26
1.1914e+06,26
1.1919e+06,38
1.1924e+06,63
1.1929e+06,13
1.1934e+06,19
1.1938e+06,24
1.1943e+06,30
1.1948e+06,36
1.1953e+06,41
1.1958e+06,22
1.1963e+06,30
1.1968e+06,35
1.1973e+06,37
1.1978e+06,15
1.1982e+06,11
1.1987e+06,42
1.1992e+06,46
1.1997e+06,15796
1.2002e+06,50409
1.2007e+06,108
1.2012e+06,22
1.2017e+06,40
1.2021e+06,15
1.2026e+06,25
1.2031e+06,38
1.2036e+06,29
1.2041e+06,27
1.2046e+06,41
1.2051e+06,22
1.2056e+06,49
1.2061e+06,30
1.2065e+06,30
1.207e+06,41
1.2075e+06,44
1.208e+06,13
1.2085e+06,29
1.209e+06,38
1.2095e+06,21
1.21e+06,10
1.2104e+06,34
1.2109e+06,23
1.2114e+06,25
1.2119e+06,30
1.2124e+06,5
1.2129e+06,43
1.2134e+06,29
1.2139e+06,41
1.2144e+06,23
1.2148e+06,17
1.2153e+06,25
1.2158e+06,24
1.2163e+06,7
1.2168e+06,12
1.2173e+06,30
1.2178e+06,21
1.2183e+06,34
1.2188e+06,21
1.2192e+06,5
1.2197e+06,44
1.2202e+06,44
1.2207e+06,12
1.2212e+06,20
1.2217e+06,32
1.2222e+06,80
1.2227e+06,36
1.2231e+06,8
1.2236e+06,10
1.2241e+06,38
1.2246e+06,36
1.2251e+06,64
1.2256e+06,18
1.2261e+06,61
1.2266e+06,23
1.2271e+06,34
1.2275e+06,15
1.228e+06,52
1.2285e+06,20
1.229e+06,13
1.2295e+06,49
1.23e+06,20
1.2305e+06,28
1.231e+06,5
1.2314e+06,43
1.2319e+06,10
1.2324e+06,40
1.2329e+06,33
1.2334e+06,34
1.2339e+06,56
1.2344e+06,25
1.2349e+06,9
1.2354e+06,53
1.2358e+06,23
1.2363e+06,4
1.2368e+06,66
1.2373e+06,17
1.2378e+06,10
1.2383e+06,38
1.2388e+06,22
1.2393e+06,18
1.2397e+06,9
1.2402e+06,25
1.2407e+06,26
1.2412e+06,24
1.2417e+06,42
1.2422e+06,25
1.2427e+06,22
1.2432e+06,13
1.2437e+06,51
1.2441e+06,35
1.2446e+06,39
1.2451e+06,22
1.2456e+06,23
1.2461e+06,12
1.2466e+06,13
1.2471e+06,29
1.2476e+06,23
1.248e+06,61
1.2485e+06,34
1.249e+06,25
1.2495e+06,43
1.25e+06,0
1.2505e+06,0
1.251e+06,0
1.2515e+06,0
1.252e+06,0
1.2524e+06,0
1.2529e+06,0
1.2534e+06,0
1.2539e+06,0
1.2544e+06,0
1.2549e+06,0
1.2554e+06,0
1.2559e+06,0
1.2563e+06,0
1.2568e+06,0
1.2573e+06,0
1.2578e+06,0
1.2583e+06,0
1.2588e+06,0
1.2593e+06,0
1.2598e+06,0
1.2603e+06,0
1.2607e+06,0
1.2612e+06,0
1.2617e+06,0
1.2622e+06,0
1.2627e+06,0
1.2632e+06,0
1.2637e+06,0
1.2642e+06,0
1.2646e+06,0
1.2651e+06,0
1.2656e+06,0
1.2661e+06,0
1.2666e+06,0
1.2671e+06,0
1.2676e+06,0
1.2681e+06,0
1.2686e+06,0
1.269e+06,0
1.2695e+06,0
1.27e+06,0
1.2705e+06,0
1.271e+06,0
1.2715e+06,0
1.272e+06,0
1.2725e+06,0
1.2729e+06,0
1.2734e+06,0
1.2739e+06,0
1.2744e+06,0
1.2749e+06,0
1.2754e+06,0
1.2759e+06,0
1.2764e+06,0
1.2769e+06,0
1.2773e+06,0
1.2778e+06,0
1.2783e+06,0
1.2788e+06,0
1.2793e+06,0
1.2798e+06,0
1.2803e+06,0
1.2808e+06,0
1.2812e+06,0
1.2817e+06,0
1.2822e+06,0
1.2827e+06,0
1.2832e+06,0
1.2837e+06,0
1.2842e+06,0
1.2847e+06,0
1.2852e+06,0
1.2856e+06,0
1.2861e+06,0
1.2866e+06,0
1.2871e+06,0
1.2876e+06,0
1.2881e+06,0
1.2886e+06,0
1.2891e+06,0
1.2896e+06,0
1.29e+06,0
1.2905e+06,0
1.291e+06,0
1.2915e+06,0
1.292e+06,0
1.2925e+06,0
1.293e+06,0
1.2935e+06,0
1.2939e+06,0
1.2944e+06,0
1.2949e+06,0
1.2954e+06,0
1.2959e+06,0
1.2964e+06,0
1.2969e+06,0
1.2974e+06,0
1.2979e+06,0
1.2983e+06,0
1.2988e+06,0
1.2993e+06,0
1.2998e+06,0
1.3003e+06,0
1.3008e+06,0
1.3013e+06,0
1.3018e+06,0
1.3022e+06,0
1.3027e+06,0
1.3032e+06,0
1.3037e+06,0
1.3042e+06,0
1.3047e+06,0
1.3052e+06,0
1.3057e+06,0
1.3062e+06,0
1.3066e+06,0
1.3071e+06,0
1.3076e+06,0
1.3081e+06,0
1.3086e+06,0
1.3091e+06,0
1.3096e+06,0
1.3101e+06,0
1.3105e+06,0
1.311e+06,0
1.3115e+06,0
1.312e+06,0
1.3125e+06,0
1.313e+06,0
1.3135e+06,0
1.314e+06,0
1.3145e+06,0
1.3149e+06,0
1.3154e+06,0
1.3159e+06,0
1.3164e+06,0
1.3169e+06,0
1.3174e+06,0
1.3179e+06,0
1.3184e+06,0
1.3188e+06,0
1.3193e+06,0
1.3198e+06,0
1.3203e+06,0
1.3208e+06,0
1.3213e+06,0
1.3218e+06,0
1.3223e+06,0
1.3228e+06,0
1.3232e+06,0
1.3237e+06,0
1.3242e+06,0
1.3247e+06,0
1.3252e+06,0
1.3257e+06,0
1.3262e+06,0
1.3267e+06,0
1.3271e+06,0
1.3276e+06,0
1.3281e+06,0
1.3286e+06,0
1.3291e+06,0
1.3296e+06,0
1.3301e+06,0
1.3306e+06,0
1.3311e+06,0
1.3315e+06,0
1.332e+06,0
1.3325e+06,0
1.333e+06,0
1.3335e+06,0
1.334e+06,0
1.3345e+06,0
1.335e+06,0
1.3354e+06,0
1.3359e+06,0
1.3364e+06,0
1.3369e+06,0
1.3374e+06,0
1.3379e+06,0
1.3384e+06,0
1.3389e+06,0
1.3394e+06,0
1.3398e+06,0
1.3403e+06,0
1.3408e+06,0
1.3413e+06,0
1.3418e+06,0
1.3423e+06,0
1.3428e+06,0
1.3433e+06,0
1.3438e+06,0
1.3442e+06,0
1.3447e+06,0
1.3452e+06,0
1.3457e+06,0
1.3462e+06,0
1.3467e+06,0
1.3472e+06,0
1.3477e+06,0
1.3481e+06,0
1.3486e+06,0
1.3491e+06,0
1.3496e+06,0
1.3501e+06,0
1.3506e+06,0
1.3511e+06,0
1.3516e+06,0
1.3521e+06,0
1.3525e+06,0
1.353e+06,0
1.3535e+06,0
1.354e+06,0
1.3545e+06,0
1.355e+06,0
1.3555e+06,0
1.356e+06,0
1.3564e+06,0
1.3569e+06,0
1.3574e+06,0
1.3579e+06,0
1.3584e+06,0
1.3589e+06,0
1.3594e+06,0
1.3599e+06,0
1.3604e+06,0
1.3608e+06,0
1.3613e+06,0
1.3618e+06,0
1.3623e+06,0
1.3628e+06,0
1.3633e+06,0
1.3638e+06,0
1.3643e+06,0
1.3647e+06,0
1.3652e+06,0
1.3657e+06,0
1.3662e+06,0
1.3667e+06,0
1.3672e+06,0
1.3677e+06,0
1.3682e+06,0
1.3687e+06,0
1.3691e+06,0
1.3696e+06,0
1.3701e+06,0
1.3706e+06,0
1.3711e+06,0
1.3716e+06,0
1.3721e+06,0
1.3726e+06,0
1.373e+06,0
1.3735e+06,0
1.374e+06,0
1.3745e+06,0
1.375e+06,0
1.3755e+06,0
1.376e+06,0
1.3765e+06,0
1.377e+06,0
1.3774e+06,0
1.3779e+06,0
1.3784e+06,0
1.3789e+06,0
1.3794e+06,0
1.3799e+06,0
1.3804e+06,0
1.3809e+06,0
1.3813e+06,0
1.3818e+06,0
1.3823e+06,0
1.3828e+06,0
1.3833e+06,0
1.3838e+06,0
1.3843e+06,0
1.3848e+06,0
1.3853e+06,0
1.3857e+06,0
1.3862e+06,0
1.3867e+06,0
1.3872e+06,0
1.3877e+06,0
1.3882e+06,0
1.3887e+06,0
1.3892e+06,0
1.3896e+06,0
1.3901e+06,0
1.3906e+06,0
1.3911e+06,0
1.3916e+06,0
1.3921e+06,0
1.3926e+06,0
1.3931e+06,0
1.3936e+06,0
1.394e+06,0
1.3945e+06,0
1.395e+06,0
1.3955e+06,0
1.396e+06,0
1.3965e+06,0
1.397e+06,0
1.3975e+06,0
1.3979e+06,0
1.3984e+06,0
1.3989e+06,0
1.3994e+06,0
1.3999e+06,0
1.4004e+06,0
1.4009e+06,0
1.4014e+06,0
1.4019e+06,0
1.4023e+06,0
1.4028e+06,0
1.4033e+06,0
1.4038e+06,0
1.4043e+06,0
1.4048e+06,0
1.4053e+06,0
1.4058e+06,0
1.4062e+06,0
1.4067e+06,0
1.4072e+06,0
1.4077e+06,0
1.4082e+06,0
1.4087e+06,0
1.4092e+06,0
1.4097e+06,0
1.4102e+06,0
1.4106e+06,0
1.4111e+06,0
1.4116e+06,0
1.4121e+06,0
1.4126e+06,0
1.4131e+06,0
1.4136e+06,0
1.4141e+06,0
1.4146e+06,0
1.415e+06,0
1.4155e+06,0
1.416e+06,0
1.4165e+06,0
1.417e+06,0
1.4175e+06,0
1.418e+06,0
1.4185e+06,0
1.4189e+06,0
1.4194e+06,0
1.4199e+06,0
1.4204e+06,0
1.4209e+06,0
1.4214e+06,0
1.4219e+06,0
1.4224e+06,0
1.4229e+06,0
1.4233e+06,0
1.4238e+06,0
1.4243e+06,0
1.4248e+06,0
1.4253e+06,0
1.4258e+06,0
1.4263e+06,0
1.4268e+06,0
1.4272e+06,0
1.4277e+06,0
1.4282e+06,0
1.4287e+06,0
1.4292e+06,0
1.4297e+06,0
1.4302e+06,0
1.4307e+06,0
1.4312e+06,0
1.4316e+06,0
1.4321e+06,0
1.4326e+06,0
1.4331e+06,0
1.4336e+06,0
1.4341e+06,0
1.4346e+06,0
1.4351e+06,0
1.4355e+06,0
1.436e+06,0
1.4365e+06,0
1.437e+06,0
1.4375e+06,0
1.438e+06,0
1.4385e+06,0
1.439e+06,0
1.4395e+06,0
1.4399e+06,0
1.4404e+06,0
1.4409e+06,0
1.4414e+06,0
1.4419e+06,0
1.4424e+06,0
1.4429e+06,0
1.4434e+06,0
1.4438e+06,0
1.4443e+06,0
1.4448e+06,0
1.4453e+06,0
1.4458e+06,0
1.4463e+06,0
1.4468e+06,0
1.4473e+06,0
1.4478e+06,0
1.4482e+06,0
1.4487e+06,0
1.4492e+06,0
1.4497e+06,0
1.4502e+06,0
1.4507e+06,0
1.4512e+06,0
1.4517e+06,0
1.4521e+06,0
1.4526e+06,0
1.4531e+06,0
1.4536e+06,0
1.4541e+06,0
1.4546e+06,0
1.4551e+06,0
1.4556e+06,0
1.4561e+06,0
1.4565e+06,0
1.457e+06,0
1.4575e+06,0
1.458e+06,0
1.4585e+06,0
1.459e+06,0
1.4595e+06,0
1.46e+06,0
1.4604e+06,0
1.4609e+06,0
1.4614e+06,0
1.4619e+06,0
1.4624e+06,0
1.4629e+06,0
1.4634e+06,0
1.4639e+06,0
1.4644e+06,0
1.4648e+06,0
1.4653e+06,0
1.4658e+06,0
1.4663e+06,0
1.4668e+06,0
1.4673e+06,0
1.4678e+06,0
1.4683e+06,0
1.4688e+06,0
1.4692e+06,0
1.4697e+06,0
1.4702e+06,0
1.4707e+06,0
1.4712e+06,0
1.4717e+06,0
1.4722e+06,0
1.4727e+06,0
1.4731e+06,0
1.4736e+06,0
1.4741e+06,0
1.4746e+06,0
1.4751e+06,0
1.4756e+06,0
1.4761e+06,0
1.4766e+06,0
1.4771e+06,0
1.4775e+06,0
1.478e+06,0
1.4785e+06,0
1.479e+06,0
1.4795e+06,0
1.48e+06,0
1.4805e+06,0
1.481e+06,0
1.4814e+06,0
1.4819e+06,0
1.4824e+06,0
1.4829e+06,0
1.4834e+06,0
1.4839e+06,0
1.4844e+06,0
1.4849e+06,0
1.4854e+06,0
1.4858e+06,0
1.4863e+06,0
1.4868e+06,0
1.4873e+06,0
1.4878e+06,0
1.4883e+06,0
1.4888e+06,0
1.4893e+06,0
1.4897e+06,0
1.4902e+06,0
1.4907e+06,0
1.4912e+06,0
1.4917e+06,0
1.4922e+06,0
1.4927e+06,0
1.4932e+06,0
1.4937e+06,0
1.4941e+06,0
1.4946e+06,0
1.4951e+06,0
1.4956e+06,0
1.4961e+06,0
1.4966e+06,0
1.4971e+06,0
1.4976e+06,0
1.498e+06,0
1.4985e+06,0
1.499e+06,0
1.4995e+06,0
1.5e+06,0
1.5005e+06,0
1.501e+06,0
1.5015e+06,0
1.502e+06,0
1.5024e+06,0
1.5029e+06,0
1.5034e+06,0
1.5039e+06,0
1.5044e+06,0
1.5049e+06,0
1.5054e+06,0
1.5059e+06,0
1.5063e+06,0
1.5068e+06,0
1.5073e+06,0
1.5078e+06,0
1.5083e+06,0
1.5088e+06,0
1.5093e+06,0
1.5098e+06,0
1.5103e+06,0
1.5107e+06,0
1.5112e+06,0
1.5117e+06,0
1.5122e+06,0
1.5127e+06,0
1.5132e+06,0
1.5137e+06,0
1.5142e+06,0
1.5146e+06,0
1.5151e+06,0
1.5156e+06,0
1.5161e+06,0
1.5166e+06,0
1.5171e+06,0
1.5176e+06,0
1.5181e+06,0
1.5186e+06,0
1.519e+06,0
1.5195e+06,0
1.52e+06,0
1.5205e+06,0
1.521e+06,0
1.5215e+06,0
1.522e+06,0
1.5225e+06,0
1.5229e+06,0
1.5234e+06,0
1.5239e+06,0
1.5244e+06,0
1.5249e+06,0
1.5254e+06,0
1.5259e+06,0
1.5264e+06,0
1.5269e+06,0
1.5273e+06,0
1.5278e+06,0
1.5283e+06,0
1.5288e+06,0
1.5293e+06,0
1.5298e+06,0
1.5303e+06,0
1.5308e+06,0
1.5312e+06,0
1.5317e+06,0
1.5322e+06,0
1.5327e+06,0
1.5332e+06,0
1.5337e+06,0
1.5342e+06,0
1.5347e+06,0
1.5352e+06,0
1.5356e+06,0
1.5361e+06,0
1.5366e+06,0
1.5371e+06,0
1.5376e+06,0
1.5381e+06,0
1.5386e+06,0
1.5391e+06,0
1.5396e+06,0
1.54e+06,0
1.5405e+06,0
1.541e+06,0
1.5415e+06,0
1.542e+06,0
1.5425e+06,0
1.543e+06,0
1.5435e+06,0
1.5439e+06,0
1.5444e+06,0
1.5449e+06,0
1.5454e+06,0
1.5459e+06,0
1.5464e+06,0
1.5469e+06,0
1.5474e+06,0
1.5479e+06,0
1.5483e+06,0
1.5488e+06,0
1.5493e+06,0
1.5498e+06,0
1.5503e+06,0
1.5508e+06,0
1.5513e+06,0
1.5518e+06,0
1.5522e+06,0
1.5527e+06,0
1.5532e+06,0
1.5537e+06,0
1.5542e+06,0
1.5547e+06,0
1.5552e+06,0
1.5557e+06,0
1.5562e+06,0
1.5566e+06,0
1.5571e+06,0
1.5576e+06,0
1.5581e+06,0
1.5586e+06,0
1.5591e+06,0
1.5596e+06,0
1.5601e+06,0
1.5605e+06,0
1.561e+06,0
1.5615e+06,0
1.562e+06,0
1.5625e+06,0
1.563e+06,0
1.5635e+06,0
1.564e+06,0
1.5645e+06,0
1.5649e+06,0
1.5654e+06,0
1.5659e+06,0
1.5664e+06,0
1.5669e+06,0
1.5674e+06,0
1.5679e+06,0
1.5684e+06,0
1.5688e+06,0
1.5693e+06,0
1.5698e+06,0
1.5703e+06,0
1.5708e+06,0
1.5713e+06,0
1.5718e+06,0
1.5723e+06,0
1.5728e+06,0
1.5732e+06,0
1.5737e+06,0
1.5742e+06,0
1.5747e+06,0
1.5752e+06,0
1.5757e+06,0
1.5762e+06,0
1.5767e+06,0
1.5771e+06,0
1.5776e+06,0
1.5781e+06,0
1.5786e+06,0
1.5791e+06,0
1.5796e+06,0
1.5801e+06,0
1.5806e+06,0
1.5811e+06,0
1.5815e+06,0
1.582e+06,0
1.5825e+06,0
1.583e+06,0
1.5835e+06,0
1.584e+06,0
1.5845e+06,0
1.585e+06,0
1.5854e+06,0
1.5859e+06,0
1.5864e+06,0
1.5869e+06,0
1.5874e+06,0
1.5879e+06,0
1.5884e+06,0
1.5889e+06,0
1.5894e+06,0
1.5898e+06,0
1.5903e+06,0
1.5908e+06,0
1.5913e+06,0
1.5918e+06,0
1.5923e+06,0
1.5928e+06,0
1.5933e+06,0
1.5938e+06,0
1.5942e+06,0
1.5947e+06,0
1.5952e+06,0
1.5957e+06,0
1.5962e+06,0
1.5967e+06,0
1.5972e+06,0
1.5977e+06,0
1.5981e+06,0
1.5986e+06,0
1.5991e+06,0
1.5996e+06,0
1.6001e+06,0
1.6006e+06,0
1.6011e+06,0
1.6016e+06,0
1.6021e+06,0
1.6025e+06,0
1.603e+06,0
1.6035e+06,0
1.604e+06,0
1.6045e+06,0
1.605e+06,0
1.6055e+06,0
1.606e+06,0
1.6064e+06,0
1.6069e+06,0
1.6074e+06,0
1.6079e+06,0
1.6084e+06,0
1.6089e+06,0
1.6094e+06,0
1.6099e+06,0
1.6104e+06,0
1.6108e+06,0
1.6113e+06,0
1.6118e+06,0
1.6123e+06,0
1.6128e+06,0
1.6133e+06,0
1.6138e+06,0
1.6143e+06,0
1.6147e+06,0
1.6152e+06,0
1.6157e+06,0
1.6162e+06,0
1.6167e+06,0
1.6172e+06,0
1.6177e+06,0
1.6182e+06,0
1.6187e+06,0
1.6191e+06,0
1.6196e+06,0
1.6201e+06,0
1.6206e+06,0
1.6211e+06,0
1.6216e+06,0
1.6221e+06,0
1.6226e+06,0
1.623e+06,0
1.6235e+06,0
1.624e+06,0
1.6245e+06,0
1.625e+06,0
1.6255e+06,0
1.626e+06,0
1.6265e+06,0
1.627e+06,0
1.6274e+06,0
1.6279e+06,0
1.6284e+06,0
1.6289e+06,0
1.6294e+06,0
1.6299e+06,0
1.6304e+06,0
1.6309e+06,0
1.6313e+06,0
1.6318e+06,0
1.6323e+06,0
1.6328e+06,0
1.6333e+06,0
1.6338e+06,0
1.6343e+06,0
1.6348e+06,0
1.6353e+06,0
1.6357e+06,0
1.6362e+06,0
1.6367e+06,0
1.6372e+06,0
1.6377e+06,0
1.6382e+06,0
1.6387e+06,0
1.6392e+06,0
1.6396e+06,0
1.6401e+06,0
1.6406e+06,0
1.6411e+06,0
1.6416e+06,0
1.6421e+06,0
1.6426e+06,0
1.6431e+06,0
1.6436e+06,0
1.644e+06,0
1.6445e+06,0
1.645e+06,0
1.6455e+06,0
1.646e+06,0
1.6465e+06,0
1.647e+06,0
1.6475e+06,0
1.6479e+06,0
1.6484e+06,0
1.6489e+06,0
1.6494e+06,0
1.6499e+06,0
1.6504e+06,0
1.6509e+06,0
1.6514e+06,0
1.6519e+06,0
1.6523e+06,0
1.6528e+06,0
1.6533e+06,0
1.6538e+06,0
1.6543e+06,0
1.6548e+06,0
1.6553e+06,0
1.6558e+06,0
1.6562e+06,0
1.6567e+06,0
1.6572e+06,0
1.6577e+06,0
1.6582e+06,0
1.6587e+06,0
1.6592e+06,0
1.6597e+06,0
1.6602e+06,0
1.6606e+06,0
1.6611e+06,0
1.6616e+06,0
1.6621e+06,0
1.6626e+06,0
1.6631e+06,0
1.6636e+06,0
1.6641e+06,0
1.6646e+06,0
1.665e+06,0
1.6655e+06,0
1.666e+06,0
1.6665e+06,0
1.667e+06,0
1.6675e+06,0
1.668e+06,0
1.6685e+06,0
1.6689e+06,0
1.6694e+06,0
1.6699e+06,0
1.6704e+06,0
1.6709e+06,0
1.6714e+06,0
1.6719e+06,0
1.6724e+06,0
1.6729e+06,0
1.6733e+06,0
1.6738e+06,0
1.6743e+06,0
1.6748e+06,0
1.6753e+06,0
1.6758e+06,0
1.6763e+06,0
1.6768e+06,0
1.6772e+06,0
1.6777e+06,0
1.6782e+06,0
1.6787e+06,0
1.6792e+06,0
1.6797e+06,0
1.6802e+06,0
1.6807e+06,0
1.6812e+06,0
1.6816e+06,0
1.6821e+06,0
1.6826e+06,0
1.6831e+06,0
1.6836e+06,0
1.6841e+06,0
1.6846e+06,0
1.6851e+06,0
1.6855e+06,0
1.686e+06,0
1.6865e+06,0
1.687e+06,0
1.6875e+06,0
1.688e+06,0
1.6885e+06,0
1.689e+06,0
1.6895e+06,0
1.6899e+06,0
1.6904e+06,0
1.6909e+06,0
1.6914e+06,0
1.6919e+06,0
1.6924e+06,0
1.6929e+06,0
1.6934e+06,0
1.6938e+06,0
1.6943e+06,0
1.6948e+06,0
1.6953e+06,0
1.6958e+06,0
1.6963e+06,0
1.6968e+06,0
1.6973e+06,0
1.6978e+06,0
1.6982e+06,0
1.6987e+06,0
1.6992e+06,0
1.6997e+06,0
1.7002e+06,0
1.7007e+06,0
1.7012e+06,0
1.7017e+06,0
1.7021e+06,0
1.7026e+06,0
1.7031e+06,0
1.7036e+06,0
1.7041e+06,0
1.7046e+06,0
1.7051e+06,0
1.7056e+06,0
1.7061e+06,0
1.7065e+06,0
1.707e+06,0
1.7075e+06,0
1.708e+06,0
1.7085e+06,0
1.709e+06,0
1.7095e+06,0
1.71e+06,0
1.7104e+06,0
1.7109e+06,0
1.7114e+06,0
1.7119e+06,0
1.7124e+06,0
1.7129e+06,0
1.7134e+06,0
1.7139e+06,0
1.7144e+06,0
1.7148e+06,0
1.7153e+06,0
1.7158e+06,0
1.7163e+06,0
1.7168e+06,0
1.7173e+06,0
1.7178e+06,0
1.7183e+06,0
1.7188e+06,0
1.7192e+06,0
1.7197e+06,0
1.7202e+06,0
1.7207e+06,0
1.7212e+06,0
1.7217e+06,0
1.7222e+06,0
1.7227e+06,0
1.7231e+06,0
1.7236e+06,0
1.7241e+06,0
1.7246e+06,0
1.7251e+06,0
1.7256e+06,0
1.7261e+06,0
1.7266e+06,0
1.7271e+06,0
1.7275e+06,0
1.728e+06,0
1.7285e+06,0
1.729e+06,0
1.7295e+06,0
1.73e+06,0
1.7305e+06,0
1.731e+06,0
1.7314e+06,0
1.7319e+06,0
1.7324e+06,0
1.7329e+06,0
1.7334e+06,0
1.7339e+06,0
1.7344e+06,0
1.7349e+06,0
1.7354e+06,0
1.7358e+06,0
1.7363e+06,0
1.7368e+06,0
1.7373e+06,0
1.7378e+06,0
1.7383e+06,0
1.7388e+06,0
1.7393e+06,0
1.7397e+06,0
1.7402e+06,0
1.7407e+06,0
1.7412e+06,0
1.7417e+06,0
1.7422e+06,0
1.7427e+06,0
1.7432e+06,0
1.7437e+06,0
1.7441e+06,0
1.7446e+06,0
1.7451e+06,0
1.7456e+06,0
1.7461e+06,0
1.7466e+06,0
1.7471e+06,0
1.7476e+06,0
1.748e+06,0
1.7485e+06,0
1.749e+06,0
1.7495e+06,0
1.75e+06,0
1.7505e+06,0
1.751e+06,0
1.7515e+06,0
1.752e+06,0
1.7524e+06,0
1.7529e+06,0
1.7534e+06,0
1.7539e+06,0
1.7544e+06,0
1.7549e+06,0
1.7554e+06,0
1.7559e+06,0
1.7563e+06,0
1.7568e+06,0
1.7573e+06,0
1.7578e+06,0
1.7583e+06,0
1.7588e+06,0
1.7593e+06,0
1.7598e+06,0
1.7603e+06,0
1.7607e+06,0
1.7612e+06,0
1.7617e+06,0
1.7622e+06,0
1.7627e+06,0
1.7632e+06,0
1.7637e+06,0
1.7642e+06,0
1.7646e+06,0
1.7651e+06,0
1.7656e+06,0
1.7661e+06,0
1.7666e+06,0
1.7671e+06,0
1.7676e+06,0
1.7681e+06,0
1.7686e+06,0
1.769e+06,0
1.7695e+06,0
1.77e+06,0
1.7705e+06,0
1.771e+06,0
1.7715e+06,0
1.772e+06,0
1.7725e+06,0
1.7729e+06,0
1.7734e+06,0
1.7739e+06,0
1.7744e+06,0
1.7749e+06,0
1.7754e+06,0
1.7759e+06,0
1.7764e+06,0
1.7769e+06,0
1.7773e+06,0
1.7778e+06,0
1.7783e+06,0
1.7788e+06,0
1.7793e+06,0
1.7798e+06,0
1.7803e+06,0
1.7808e+06,0
1.7812e+06,0
1.7817e+06,0
1.7822e+06,0
1.7827e+06,0
1.7832e+06,0
1.7837e+06,0
1.7842e+06,0
1.7847e+06,0
1.7852e+06,0
1.7856e+06,0
1.7861e+06,0
1.7866e+06,0
1.7871e+06,0
1.7876e+06,0
1.7881e+06,0
1.7886e+06,0
1.7891e+06,0
1.7896e+06,0
1.79e+06,0
1.7905e+06,0
1.791e+06,0
1.7915e+06,0
1.792e+06,0
1.7925e+06,0
1.793e+06,0
1.7935e+06,0
1.7939e+06,0
1.7944e+06,0
1.7949e+06,0
1.7954e+06,0
1.7959e+06,0
1.7964e+06,0
1.7969e+06,0
1.7974e+06,0
1.7979e+06,0
1.7983e+06,0
1.7988e+06,0
1.7993e+06,0
1.7998e+06,0
1.8003e+06,0
1.8008e+06,0
1.8013e+06,0
1.8018e+06,0
1.8022e+06,0
1.8027e+06,0
1.8032e+06,0
1.8037e+06,0
1.8042e+06,0
1.8047e+06,0
1.8052e+06,0
1.8057e+06,0
1.8062e+06,0
1.8066e+06,0
1.8071e+06,0
1.8076e+06,0
1.8081e+06,0
1.8086e+06,0
1.8091e+06,0
1.8096e+06,0
1.8101e+06,0
1.8105e+06,0
1.811e+06,0
1.8115e+06,0
1.812e+06,0
1.8125e+06,0
1.813e+06,0
1.8135e+06,0
1.814e+06,0
1.8145e+06,0
1.8149e+06,0
1.8154e+06,0
1.8159e+06,0
1.8164e+06,0
1.8169e+06,0
1.8174e+06,0
1.8179e+06,0
1.8184e+06,0
1.8188e+06,0
1.8193e+06,0
1.8198e+06,0
1.8203e+06,0
1.8208e+06,0
1.8213e+06,0
1.8218e+06,0
1.8223e+06,0
1.8228e+06,0
1.8232e+06,0
1.8237e+06,0
1.8242e+06,0
1.8247e+06,0
1.8252e+06,0
1.8257e+06,0
1.8262e+06,0
1.8267e+06,0
1.8271e+06,0
1.8276e+06,0
1.8281e+06,0
1.8286e+06,0
1.8291e+06,0
1.8296e+06,0
1.8301e+06,0
1.8306e+06,0
1.8311e+06,0
1.8315e+06,0
1.832e+06,0
1.8325e+06,0
1.833e+06,0
1.8335e+06,0
1.834e+06,0
1.8345e+06,0
1.835e+06,0
1.8354e+06,0
1.8359e+06,0
1.8364e+06,0
1.8369e+06,0
1.8374e+06,0
1.8379e+06,0
1.8384e+06,0
1.8389e+06,0
1.8394e+06,0
1.8398e+06,0
1.8403e+06,0
1.8408e+06,0
1.8413e+06,0
1.8418e+06,0
1.8423e+06,0
1.8428e+06,0
1.8433e+06,0
1.8438e+06,0
1.8442e+06,0
1.8447e+06,0
1.8452e+06,0
1.8457e+06,0
1.8462e+06,0
1.8467e+06,0
1.8472e+06,0
1.8477e+06,0
1.8481e+06,0
1.8486e+06,0
1.8491e+06,0
1.8496e+06,0
1.8501e+06,0
1.8506e+06,0
1.8511e+06,0
1.8516e+06,0
1.8521e+06,0
1.8525e+06,0
1.853e+06,0
1.8535e+06,0
1.854e+06,0
1.8545e+06,0
1.855e+06,0
1.8555e+06,0
1.856e+06,0
1.8564e+06,0
1.8569e+06,0
1.8574e+06,0
1.8579e+06,0
1.8584e+06,0
1.8589e+06,0
1.8594e+06,0
1.8599e+06,0
1.8604e+06,0
1.8608e+06,0
1.8613e+06,0
1.8618e+06,0
1.8623e+06,0
1.8628e+06,0
1.8633e+06,0
1.8638e+06,0
1.8643e+06,0
1.8647e+06,0
1.8652e+06,0
1.8657e+06,0
1.8662e+06,0
1.8667e+06,0
1.8672e+06,0
1.8677e+06,0
1.8682e+06,0
1.8687e+06,0
1.8691e+06,0
1.8696e+06,0
1.8701e+06,0
1.8706e+06,0
1.8711e+06,0
1.8716e+06,0
1.8721e+06,0
1.8726e+06,0
1.873e+06,0
1.8735e+06,0
1.874e+06,0
1.8745e+06,0
1.875e+06,0
1.8755e+06,0
1.876e+06,0
1.8765e+06,0
1.877e+06,0
1.8774e+06,0
1.8779e+06,0
1.8784e+06,0
1.8789e+06,0
1.8794e+06,0
1.8799e+06,0
1.8804e+06,0
1.8809e+06,0
1.8813e+06,0
1.8818e+06,0
1.8823e+06,0
1.8828e+06,0
1.8833e+06,0
1.8838e+06,0
1.8843e+06,0
1.8848e+06,0
1.8853e+06,0
1.8857e+06,0
1.8862e+06,0
1.8867e+06,0
1.8872e+06,0
1.8877e+06,0
1.8882e+06,0
1.8887e+06,0
1.8892e+06,0
1.8896e+06,0
1.8901e+06,0
1.8906e+06,0
1.8911e+06,0
1.8916e+06,0
1.8921e+06,0
1.8926e+06,0
1.8931e+06,0
1.8936e+06,0
1.894e+06,0
1.8945e+06,0
1.895e+06,0
1.8955e+06,0
1.896e+06,0
1.8965e+06,0
1.897e+06,0
1.8975e+06,0
1.8979e+06,0
1.8984e+06,0
1.8989e+06,0
1.8994e+06,0
1.8999e+06,0
1.9004e+06,0
1.9009e+06,0
1.9014e+06,0
1.9019e+06,0
1.9023e+06,0
1.9028e+06,0
1.9033e+06,0
1.9038e+06,0
1.9043e+06,0
1.9048e+06,0
1.9053e+06,0
1.9058e+06,0
1.9062e+06,0
1.9067e+06,0
1.9072e+06,0
1.9077e+06,0
1.9082e+06,0
1.9087e+06,0
1.9092e+06,0
1.9097e+06,0
1.9102e+06,0
1.9106e+06,0
1.9111e+06,0
1.9116e+06,0
1.9121e+06,0
1.9126e+06,0
1.9131e+06,0
1.9136e+06,0
1.9141e+06,0
1.9146e+06,0
1.915e+06,0
1.9155e+06,0
1.916e+06,0
1.9165e+06,0
1.917e+06,0
1.9175e+06,0
1.918e+06,0
1.9185e+06,0
1.9189e+06,0
1.9194e+06,0
1.9199e+06,0
1.9204e+06,0
1.9209e+06,0
1.9214e+06,0
1.9219e+06,0
1.9224e+06,0
1.9229e+06,0
1.9233e+06,0
1.9238e+06,0
1.9243e+06,0
1.9248e+06,0
1.9253e+06,0
1.9258e+06,0
1.9263e+06,0
1.9268e+06,0
1.9272e+06,0
1.9277e+06,0
1.9282e+06,0
1.9287e+06,0
1.9292e+06,0
1.9297e+06,0
1.9302e+06,0
1.9307e+06,0
1.9312e+06,0
1.9316e+06,0
1.9321e+06,0
1.9326e+06,0
1.9331e+06,0
1.9336e+06,0
1.9341e+06,0
1.9346e+06,0
1.9351e+06,0
1.9355e+06,0
1.936e+06,0
1.9365e+06,0
1.937e+06,0
1.9375e+06,0
1.938e+06,0
1.9385e+06,0
1.939e+06,0
1.9395e+06,0
1.9399e+06,0
1.9404e+06,0
1.9409e+06,0
1.9414e+06,0
1.9419e+06,0
1.9424e+06,0
1.9429e+06,0
1.9434e+06,0
1.9438e+06,0
1.9443e+06,0
1.9448e+06,0
1.9453e+06,0
1.9458e+06,0
1.9463e+06,0
1.9468e+06,0
1.9473e+06,0
1.9478e+06,0
1.9482e+06,0
1.9487e+06,0
1.9492e+06,0
1.9497e+06,0
1.9502e+06,0
1.9507e+06,0
1.9512e+06,0
1.9517e+06,0
1.9521e+06,0
1.9526e+06,0
1.9531e+06,0
1.9536e+06,0
1.9541e+06,0
1.9546e+06,0
1.9551e+06,0
1.9556e+06,0
1.9561e+06,0
1.9565e+06,0
1.957e+06,0
1.9575e+06,0
1.958e+06,0
1.9585e+06,0
1.959e+06,0
1.9595e+06,0
1.96e+06,0
1.9604e+06,0
1.9609e+06,0
1.9614e+06,0
1.9619e+06,0
1.9624e+06,0
1.9629e+06,0
1.9634e+06,0
1.9639e+06,0
1.9644e+06,0
1.9648e+06,0
1.9653e+06,0
1.9658e+06,0
1.9663e+06,0
1.9668e+06,0
1.9673e+06,0
1.9678e+06,0
1.9683e+06,0
1.9688e+06,0
1.9692e+06,0
1.9697e+06,0
1.9702e+06,0
1.9707e+06,0
1.9712e+06,0
1.9717e+06,0
1.9722e+06,0
1.9727e+06,0
1.9731e+06,0
1.9736e+06,0
1.9741e+06,0
1.9746e+06,0
1.9751e+06,0
1.9756e+06,0
1.9761e+06,0
1.9766e+06,0
1.9771e+06,0
1.9775e+06,0
1.978e+06,0
1.9785e+06,0
1.979e+06,0
1.9795e+06,0
1.98e+06,0
1.9805e+06,0
1.981e+06,0
1.9814e+06,0
1.9819e+06,0
1.9824e+06,0
1.9829e+06,0
1.9834e+06,0
1.9839e+06,0
1.9844e+06,0
1.9849e+06,0
1.9854e+06,0
1.9858e+06,0
1.9863e+06,0
1.9868e+06,0
1.9873e+06,0
1.9878e+06,0
1.9883e+06,0
1.9888e+06,0
1.9893e+06,0
1.9897e+06,0
1.9902e+06,0
1.9907e+06,0
1.9912e+06,0
1.9917e+06,0
1.9922e+06,0
1.9927e+06,0
1.9932e+06,0
1.9937e+06,0
1.9941e+06,0
1.9946e+06,0
1.9951e+06,0
1.9956e+06,0
1.9961e+06,0
1.9966e+06,0
1.9971e+06,0
1.9976e+06,0
1.998e+06,0
1.9985e+06,0
1.999e+06,0
1.9995e+06,0
